Reporting date,Age range,Cumulative total,New
01/10/2021,Under 18,302,
01/10/2021,18-24,"9,460",
01/10/2021,25-29,"16,116",
01/10/2021,30-34,"20,736",
01/10/2021,35-39,"24,017",
01/10/2021,40-44,"30,009",
01/10/2021,45-49,"40,437",
01/10/2021,50-54,"66,888",
01/10/2021,55-59,"71,412",
01/10/2021,60-64,"58,990",
01/10/2021,65-69,"37,847",
01/10/2021,70-74,"51,496",
01/10/2021,75-79,"81,883",
01/10/2021,80+,"353,229",
02/10/2021,Under 18,353,51
02/10/2021,18-24,"11,182","1,722"
02/10/2021,25-29,"19,040","2,924"
02/10/2021,30-34,"24,519","3,783"
02/10/2021,35-39,"28,335","4,318"
02/10/2021,40-44,"35,326","5,317"
02/10/2021,45-49,"47,455","7,018"
02/10/2021,50-54,"78,264","11,376"
02/10/2021,55-59,"83,501","12,089"
02/10/2021,60-64,"68,904","9,914"
02/10/2021,65-69,"44,854","7,007"
02/10/2021,70-74,"63,800","12,304"
02/10/2021,75-79,"102,630","20,747"
02/10/2021,80+,"407,715","54,486"
03/10/2021,Under 18,412,59
03/10/2021,18-24,"13,021","1,839"
03/10/2021,25-29,"21,674","2,634"
03/10/2021,30-34,"27,959","3,440"
03/10/2021,35-39,"32,329","3,994"
03/10/2021,40-44,"40,301","4,975"
03/10/2021,45-49,"54,193","6,738"
03/10/2021,50-54,"89,553","11,289"
03/10/2021,55-59,"95,683","12,182"
03/10/2021,60-64,"79,109","10,205"
03/10/2021,65-69,"52,670","7,816"
03/10/2021,70-74,"80,020","16,220"
03/10/2021,75-79,"132,871","30,241"
03/10/2021,80+,"489,777","82,062"
04/10/2021,Under 18,443,31
04/10/2021,18-24,"14,153","1,132"
04/10/2021,25-29,"23,188","1,514"
04/10/2021,30-34,"30,095","2,136"
04/10/2021,35-39,"34,691","2,362"
04/10/2021,40-44,"43,157","2,856"
04/10/2021,45-49,"57,917","3,724"
04/10/2021,50-54,"95,435","5,882"
04/10/2021,55-59,"101,938","6,255"
04/10/2021,60-64,"84,248","5,139"
04/10/2021,65-69,"56,433","3,763"
04/10/2021,70-74,"87,088","7,068"
04/10/2021,75-79,"145,238","12,367"
04/10/2021,80+,"523,736","33,959"
05/10/2021,Under 18,488,45
05/10/2021,18-24,"15,892","1,739"
05/10/2021,25-29,"26,286","3,098"
05/10/2021,30-34,"33,692","3,597"
05/10/2021,35-39,"38,540","3,849"
05/10/2021,40-44,"47,876","4,719"
05/10/2021,45-49,"63,892","5,975"
05/10/2021,50-54,"104,129","8,694"
05/10/2021,55-59,"111,071","9,133"
05/10/2021,60-64,"91,795","7,547"
05/10/2021,65-69,"61,529","5,096"
05/10/2021,70-74,"97,590","10,502"
05/10/2021,75-79,"162,026","16,788"
05/10/2021,80+,"565,242","41,506"
06/10/2021,Under 18,526,38
06/10/2021,18-24,"17,879","1,987"
06/10/2021,25-29,"29,525","3,239"
06/10/2021,30-34,"37,719","4,027"
06/10/2021,35-39,"43,189","4,649"
06/10/2021,40-44,"53,291","5,415"
06/10/2021,45-49,"70,725","6,833"
06/10/2021,50-54,"113,896","9,767"
06/10/2021,55-59,"121,671","10,600"
06/10/2021,60-64,"100,661","8,866"
06/10/2021,65-69,"68,023","6,494"
06/10/2021,70-74,"111,325","13,735"
06/10/2021,75-79,"185,396","23,370"
06/10/2021,80+,"620,230","54,988"
07/10/2021,Under 18,574,48
07/10/2021,18-24,"19,370","1,491"
07/10/2021,25-29,"31,605","2,080"
07/10/2021,30-34,"40,664","2,945"
07/10/2021,35-39,"46,620","3,431"
07/10/2021,40-44,"57,173","3,882"
07/10/2021,45-49,"75,775","5,050"
07/10/2021,50-54,"122,025","8,129"
07/10/2021,55-59,"130,788","9,117"
07/10/2021,60-64,"108,790","8,129"
07/10/2021,65-69,"75,006","6,983"
07/10/2021,70-74,"126,759","15,434"
07/10/2021,75-79,"215,760","30,364"
07/10/2021,80+,"683,438","63,208"
08/10/2021,Under 18,634,60
08/10/2021,18-24,"20,880","1,510"
08/10/2021,25-29,"33,865","2,260"
08/10/2021,30-34,"43,635","2,971"
08/10/2021,35-39,"50,039","3,419"
08/10/2021,40-44,"61,313","4,140"
08/10/2021,45-49,"81,124","5,349"
08/10/2021,50-54,"130,962","8,937"
08/10/2021,55-59,"140,842","10,054"
08/10/2021,60-64,"117,973","9,183"
08/10/2021,65-69,"84,336","9,330"
08/10/2021,70-74,"149,059","22,300"
08/10/2021,75-79,"249,171","33,411"
08/10/2021,80+,"746,461","63,023"
09/10/2021,Under 18,688,54
09/10/2021,18-24,"22,455","1,575"
09/10/2021,25-29,"36,287","2,422"
09/10/2021,30-34,"46,758","3,123"
09/10/2021,35-39,"53,858","3,819"
09/10/2021,40-44,"65,784","4,471"
09/10/2021,45-49,"87,259","6,135"
09/10/2021,50-54,"140,602","9,640"
09/10/2021,55-59,"151,475","10,633"
09/10/2021,60-64,"127,629","9,656"
09/10/2021,65-69,"93,349","9,013"
09/10/2021,70-74,"170,800","21,741"
09/10/2021,75-79,"282,815","33,644"
09/10/2021,80+,"803,069","56,608"
10/10/2021,Under 18,787,99
10/10/2021,18-24,"24,428","1,973"
10/10/2021,25-29,"38,758","2,471"
10/10/2021,30-34,"50,074","3,316"
10/10/2021,35-39,"57,900","4,042"
10/10/2021,40-44,"70,672","4,888"
10/10/2021,45-49,"94,132","6,873"
10/10/2021,50-54,"152,183","11,581"
10/10/2021,55-59,"164,229","12,754"
10/10/2021,60-64,"139,735","12,106"
10/10/2021,65-69,"106,135","12,786"
10/10/2021,70-74,"202,991","32,191"
10/10/2021,75-79,"336,405","53,590"
10/10/2021,80+,"894,371","91,302"
11/10/2021,Under 18,832,45
11/10/2021,18-24,"25,362",934
11/10/2021,25-29,"39,996","1,238"
11/10/2021,30-34,"51,628","1,554"
11/10/2021,35-39,"59,811","1,911"
11/10/2021,40-44,"73,168","2,496"
11/10/2021,45-49,"97,310","3,178"
11/10/2021,50-54,"157,581","5,398"
11/10/2021,55-59,"170,102","5,873"
11/10/2021,60-64,"144,986","5,251"
11/10/2021,65-69,"110,977","4,842"
11/10/2021,70-74,"215,092","12,101"
11/10/2021,75-79,"354,548","18,143"
11/10/2021,80+,"923,237","28,866"
12/10/2021,Under 18,864,32
12/10/2021,18-24,"26,620","1,258"
12/10/2021,25-29,"41,956","1,960"
12/10/2021,30-34,"54,056","2,428"
12/10/2021,35-39,"62,584","2,773"
12/10/2021,40-44,"76,308","3,140"
12/10/2021,45-49,"101,550","4,240"
12/10/2021,50-54,"164,228","6,647"
12/10/2021,55-59,"177,501","7,399"
12/10/2021,60-64,"151,800","6,814"
12/10/2021,65-69,"117,525","6,548"
12/10/2021,70-74,"230,896","15,804"
12/10/2021,75-79,"377,611","23,063"
12/10/2021,80+,"962,790","39,553"
13/10/2021,Under 18,915,51
13/10/2021,18-24,"28,266","1,646"
13/10/2021,25-29,"44,226","2,270"
13/10/2021,30-34,"56,961","2,905"
13/10/2021,35-39,"65,949","3,365"
13/10/2021,40-44,"80,358","4,050"
13/10/2021,45-49,"106,834","5,284"
13/10/2021,50-54,"172,189","7,961"
13/10/2021,55-59,"186,750","9,249"
13/10/2021,60-64,"160,545","8,745"
13/10/2021,65-69,"126,649","9,124"
13/10/2021,70-74,"252,546","21,650"
13/10/2021,75-79,"409,602","31,991"
13/10/2021,80+,"1,014,486","51,696"
14/10/2021,Under 18,976,61
14/10/2021,18-24,"30,934","2,668"
14/10/2021,25-29,"48,078","3,852"
14/10/2021,30-34,"61,787","4,826"
14/10/2021,35-39,"71,324","5,375"
14/10/2021,40-44,"86,405","6,047"
14/10/2021,45-49,"114,534","7,700"
14/10/2021,50-54,"182,369","10,180"
14/10/2021,55-59,"198,152","11,402"
14/10/2021,60-64,"171,026","10,481"
14/10/2021,65-69,"137,954","11,305"
14/10/2021,70-74,"278,685","26,139"
14/10/2021,75-79,"445,814","36,212"
14/10/2021,80+,"1,068,807","54,321"
15/10/2021,Under 18,"1,051",75
15/10/2021,18-24,"33,753","2,819"
15/10/2021,25-29,"52,050","3,972"
15/10/2021,30-34,"66,591","4,804"
15/10/2021,35-39,"76,876","5,552"
15/10/2021,40-44,"92,768","6,363"
15/10/2021,45-49,"122,296","7,762"
15/10/2021,50-54,"193,540","11,171"
15/10/2021,55-59,"210,828","12,676"
15/10/2021,60-64,"182,802","11,776"
15/10/2021,65-69,"151,672","13,718"
15/10/2021,70-74,"311,969","33,284"
15/10/2021,75-79,"488,933","43,119"
15/10/2021,80+,"1,125,861","57,054"
16/10/2021,Under 18,"1,117",66
16/10/2021,18-24,"36,432","2,679"
16/10/2021,25-29,"56,047","3,997"
16/10/2021,30-34,"71,408","4,817"
16/10/2021,35-39,"82,312","5,436"
16/10/2021,40-44,"99,043","6,275"
16/10/2021,45-49,"130,241","7,945"
16/10/2021,50-54,"204,731","11,191"
16/10/2021,55-59,"223,182","12,354"
16/10/2021,60-64,"194,047","11,245"
16/10/2021,65-69,"164,696","13,024"
16/10/2021,70-74,"344,531","32,562"
16/10/2021,75-79,"528,276","39,343"
16/10/2021,80+,"1,172,880","47,019"
17/10/2021,Under 18,"1,249",132
17/10/2021,18-24,"39,232","2,800"
17/10/2021,25-29,"59,339","3,292"
17/10/2021,30-34,"75,663","4,255"
17/10/2021,35-39,"87,309","4,997"
17/10/2021,40-44,"105,151","6,108"
17/10/2021,45-49,"138,479","8,238"
17/10/2021,50-54,"218,241","13,510"
17/10/2021,55-59,"238,770","15,588"
17/10/2021,60-64,"209,550","15,503"
17/10/2021,65-69,"186,351","21,655"
17/10/2021,70-74,"397,221","52,690"
17/10/2021,75-79,"595,237","66,961"
17/10/2021,80+,"1,242,758","69,878"
18/10/2021,Under 18,"1,297",48
18/10/2021,18-24,"40,472","1,240"
18/10/2021,25-29,"60,886","1,547"
18/10/2021,30-34,"77,708","2,045"
18/10/2021,35-39,"89,570","2,261"
18/10/2021,40-44,"107,713","2,562"
18/10/2021,45-49,"142,039","3,560"
18/10/2021,50-54,"223,822","5,581"
18/10/2021,55-59,"245,101","6,331"
18/10/2021,60-64,"215,461","5,911"
18/10/2021,65-69,"193,619","7,268"
18/10/2021,70-74,"415,563","18,342"
18/10/2021,75-79,"617,690","22,453"
18/10/2021,80+,"1,262,878","20,120"
19/10/2021,Under 18,"1,359",62
19/10/2021,18-24,"42,797","2,325"
19/10/2021,25-29,"64,226","3,340"
19/10/2021,30-34,"81,477","3,769"
19/10/2021,35-39,"93,648","4,078"
19/10/2021,40-44,"112,405","4,692"
19/10/2021,45-49,"147,909","5,870"
19/10/2021,50-54,"231,932","8,110"
19/10/2021,55-59,"254,338","9,237"
19/10/2021,60-64,"223,868","8,407"
19/10/2021,65-69,"203,529","9,910"
19/10/2021,70-74,"440,437","24,874"
19/10/2021,75-79,"647,592","29,902"
19/10/2021,80+,"1,298,493","35,615"
20/10/2021,Under 18,"1,459",100
20/10/2021,18-24,"45,434","2,637"
20/10/2021,25-29,"67,760","3,534"
20/10/2021,30-34,"85,815","4,338"
20/10/2021,35-39,"98,447","4,799"
20/10/2021,40-44,"117,878","5,473"
20/10/2021,45-49,"154,822","6,913"
20/10/2021,50-54,"241,728","9,796"
20/10/2021,55-59,"265,901","11,563"
20/10/2021,60-64,"235,789","11,921"
20/10/2021,65-69,"218,751","15,222"
20/10/2021,70-74,"477,483","37,046"
20/10/2021,75-79,"688,663","41,071"
20/10/2021,80+,"1,342,971","44,478"
21/10/2021,Under 18,"1,570",111
21/10/2021,18-24,"48,172","2,738"
21/10/2021,25-29,"71,584","3,824"
21/10/2021,30-34,"90,608","4,793"
21/10/2021,35-39,"103,655","5,208"
21/10/2021,40-44,"123,842","5,964"
21/10/2021,45-49,"162,497","7,675"
21/10/2021,50-54,"252,753","11,025"
21/10/2021,55-59,"278,788","12,887"
21/10/2021,60-64,"248,673","12,884"
21/10/2021,65-69,"237,181","18,430"
21/10/2021,70-74,"521,792","44,309"
21/10/2021,75-79,"733,885","45,222"
21/10/2021,80+,"1,391,573","48,602"
22/10/2021,Under 18,"1,693",123
22/10/2021,18-24,"51,211","3,039"
22/10/2021,25-29,"75,536","3,952"
22/10/2021,30-34,"95,536","4,928"
22/10/2021,35-39,"109,039","5,384"
22/10/2021,40-44,"130,020","6,178"
22/10/2021,45-49,"170,636","8,139"
22/10/2021,50-54,"264,724","11,971"
22/10/2021,55-59,"292,652","13,864"
22/10/2021,60-64,"263,181","14,508"
22/10/2021,65-69,"261,197","24,016"
22/10/2021,70-74,"580,108","58,316"
22/10/2021,75-79,"786,910","53,025"
22/10/2021,80+,"1,439,347","47,774"
23/10/2021,Under 18,"1,809",116
23/10/2021,18-24,"54,095","2,884"
23/10/2021,25-29,"79,521","3,985"
23/10/2021,30-34,"100,384","4,848"
23/10/2021,35-39,"114,411","5,372"
23/10/2021,40-44,"136,426","6,406"
23/10/2021,45-49,"178,879","8,243"
23/10/2021,50-54,"276,943","12,219"
23/10/2021,55-59,"306,749","14,097"
23/10/2021,60-64,"277,254","14,073"
23/10/2021,65-69,"286,242","25,045"
23/10/2021,70-74,"638,698","58,590"
23/10/2021,75-79,"836,600","49,690"
23/10/2021,80+,"1,481,776","42,429"
24/10/2021,Under 18,"1,980",171
24/10/2021,18-24,"56,941","2,846"
24/10/2021,25-29,"82,978","3,457"
24/10/2021,30-34,"104,821","4,437"
24/10/2021,35-39,"119,700","5,289"
24/10/2021,40-44,"142,906","6,480"
24/10/2021,45-49,"187,812","8,933"
24/10/2021,50-54,"292,428","15,485"
24/10/2021,55-59,"325,632","18,883"
24/10/2021,60-64,"298,278","21,024"
24/10/2021,65-69,"322,926","36,684"
24/10/2021,70-74,"722,070","83,372"
24/10/2021,75-79,"904,804","68,204"
24/10/2021,80+,"1,531,469","49,693"
25/10/2021,Under 18,"2,066",86
25/10/2021,18-24,"58,357","1,416"
25/10/2021,25-29,"84,690","1,712"
25/10/2021,30-34,"107,037","2,216"
25/10/2021,35-39,"122,189","2,489"
25/10/2021,40-44,"145,933","3,027"
25/10/2021,45-49,"192,042","4,230"
25/10/2021,50-54,"299,388","6,960"
25/10/2021,55-59,"333,918","8,286"
25/10/2021,60-64,"307,263","8,985"
25/10/2021,65-69,"338,887","15,961"
25/10/2021,70-74,"758,135","36,065"
25/10/2021,75-79,"932,460","27,656"
25/10/2021,80+,"1,550,402","18,933"
26/10/2021,Under 18,2204,138
26/10/2021,18-24,61217,"2,860"
26/10/2021,25-29,88606,"3,916"
26/10/2021,30-34,111412,"4,375"
26/10/2021,35-39,126729,"4,540"
26/10/2021,40-44,150978,"5,045"
26/10/2021,45-49,198772,"6,730"
26/10/2021,50-54,309321,"9,933"
26/10/2021,55-59,345448,"11,530"
26/10/2021,60-64,319488,"12,225"
26/10/2021,65-69,358662,"19,775"
26/10/2021,70-74,801109,"42,974"
26/10/2021,75-79,966739,"34,279"
26/10/2021,80+,1580248,"29,846"
27/10/2021,Under 18,2315,111
27/10/2021,18-24,63846,"2,629"
27/10/2021,25-29,92174,"3,568"
27/10/2021,30-34,115412,"4,000"
27/10/2021,35-39,131015,"4,286"
27/10/2021,40-44,155973,"4,995"
27/10/2021,45-49,205451,"6,679"
27/10/2021,50-54,319429,"10,108"
27/10/2021,55-59,357377,"11,929"
27/10/2021,60-64,333340,"13,852"
27/10/2021,65-69,383519,"24,857"
27/10/2021,70-74,854078,"52,969"
27/10/2021,75-79,1009297,"42,558"
27/10/2021,80+,1614964,"34,716"
28/10/2021,Under 18,1686,-629
28/10/2021,18-24,60787,"-3,059"
28/10/2021,25-29,92975,801
28/10/2021,30-34,118321,"2,909"
28/10/2021,35-39,133594,"2,579"
28/10/2021,40-44,159452,"3,479"
28/10/2021,45-49,201909,"-3,542"
28/10/2021,50-54,325376,"5,947"
28/10/2021,55-59,370519,"13,142"
28/10/2021,60-64,351932,"18,592"
28/10/2021,65-69,401053,"17,534"
28/10/2021,70-74,868900,"14,822"
28/10/2021,75-79,1066280,"56,983"
28/10/2021,80+,1721832,"106,868"
29/10/2021,Under 18,"1,784",98
29/10/2021,18-24,"63,303","2,516"
29/10/2021,25-29,"96,519","3,544"
29/10/2021,30-34,"122,531","4,210"
29/10/2021,35-39,"138,022","4,428"
29/10/2021,40-44,"164,719","5,267"
29/10/2021,45-49,"208,974","7,065"
29/10/2021,50-54,"336,719","11,343"
29/10/2021,55-59,"384,661","14,142"
29/10/2021,60-64,"368,275","16,343"
29/10/2021,65-69,"434,053","33,000"
29/10/2021,70-74,"932,200","63,300"
29/10/2021,75-79,"1,111,426","45,146"
29/10/2021,80+,"1,759,245","37,413"
30/10/2021,Under 18,"1,872",88
30/10/2021,18-24,"65,720","2,417"
30/10/2021,25-29,"99,764","3,245"
30/10/2021,30-34,"126,690","4,159"
30/10/2021,35-39,"142,468","4,446"
30/10/2021,40-44,"169,931","5,212"
30/10/2021,45-49,"216,040","7,066"
30/10/2021,50-54,"348,153","11,434"
30/10/2021,55-59,"398,922","14,261"
30/10/2021,60-64,"384,529","16,254"
30/10/2021,65-69,"468,447","34,394"
30/10/2021,70-74,"993,778","61,578"
30/10/2021,75-79,"1,151,954","40,528"
30/10/2021,80+,"1,792,140","32,895"
31/10/2021,Under 18,"2,017",145
31/10/2021,18-24,"68,198","2,478"
31/10/2021,25-29,"102,808","3,044"
31/10/2021,30-34,"130,820","4,130"
31/10/2021,35-39,"147,560","5,092"
31/10/2021,40-44,"176,207","6,276"
31/10/2021,45-49,"224,893","8,853"
31/10/2021,50-54,"364,373","16,220"
31/10/2021,55-59,"419,743","20,821"
31/10/2021,60-64,"409,703","25,174"
31/10/2021,65-69,"518,979","50,532"
31/10/2021,70-74,"1,084,094","90,316"
31/10/2021,75-79,"1,209,457","57,503"
31/10/2021,80+,"1,831,873","39,733"
01/11/2021,Under 18,"2,094",77
01/11/2021,18-24,"69,378","1,180"
01/11/2021,25-29,"104,228","1,420"
01/11/2021,30-34,"132,661","1,841"
01/11/2021,35-39,"149,819","2,259"
01/11/2021,40-44,"179,063","2,856"
01/11/2021,45-49,"228,795","3,902"
01/11/2021,50-54,"371,536","7,163"
01/11/2021,55-59,"428,601","8,858"
01/11/2021,60-64,"419,443","9,740"
01/11/2021,65-69,"539,283","20,304"
01/11/2021,70-74,"1,121,105","37,011"
01/11/2021,75-79,"1,230,691","21,234"
01/11/2021,80+,"1,845,226","13,353"
02/11/2021,Under 18,"2,161",67
02/11/2021,18-24,"71,508","2,130"
02/11/2021,25-29,"107,229","3,001"
02/11/2021,30-34,"136,294","3,633"
02/11/2021,35-39,"153,906","4,087"
02/11/2021,40-44,"183,838","4,775"
02/11/2021,45-49,"235,022","6,227"
02/11/2021,50-54,"381,189","9,653"
02/11/2021,55-59,"440,801","12,200"
02/11/2021,60-64,"434,180","14,737"
02/11/2021,65-69,"570,962","31,679"
02/11/2021,70-74,"1,172,281","51,176"
02/11/2021,75-79,"1,260,408","29,717"
02/11/2021,80+,"1,868,691","23,465"
03/11/2021,Under 18,"2,234",73
03/11/2021,18-24,"73,941","2,433"
03/11/2021,25-29,"110,436","3,207"
03/11/2021,30-34,"140,366","4,072"
03/11/2021,35-39,"158,733","4,827"
03/11/2021,40-44,"189,629","5,791"
03/11/2021,45-49,"242,381","7,359"
03/11/2021,50-54,"392,733","11,544"
03/11/2021,55-59,"455,938","15,137"
03/11/2021,60-64,"453,716","19,536"
03/11/2021,65-69,"612,700","41,738"
03/11/2021,70-74,"1,237,928","65,647"
03/11/2021,75-79,"1,296,966","36,558"
03/11/2021,80+,"1,896,848","28,157"
04/11/2021,Under 18,"2,350",116
04/11/2021,18-24,"76,666","2,725"
04/11/2021,25-29,"113,943","3,507"
04/11/2021,30-34,"144,695","4,329"
04/11/2021,35-39,"163,880","5,147"
04/11/2021,40-44,"196,025","6,396"
04/11/2021,45-49,"250,159","7,778"
04/11/2021,50-54,"405,741","13,008"
04/11/2021,55-59,"473,048","17,110"
04/11/2021,60-64,"475,099","21,383"
04/11/2021,65-69,"660,930","48,230"
04/11/2021,70-74,"1,308,021","70,093"
04/11/2021,75-79,"1,335,253","38,287"
04/11/2021,80+,"1,926,329","29,481"
05/11/2021,Under 18,"2,464",114
05/11/2021,18-24,"79,350","2,684"
05/11/2021,25-29,"117,385","3,442"
05/11/2021,30-34,"149,172","4,477"
05/11/2021,35-39,"169,057","5,177"
05/11/2021,40-44,"202,476","6,451"
05/11/2021,45-49,"258,279","8,120"
05/11/2021,50-54,"419,674","13,933"
05/11/2021,55-59,"490,929","17,881"
05/11/2021,60-64,"498,284","23,185"
05/11/2021,65-69,"714,346","53,416"
05/11/2021,70-74,"1,379,368","71,347"
05/11/2021,75-79,"1,372,162","36,909"
05/11/2021,80+,"1,953,391","27,062"
06/11/2021,Under 18,"2,614",150
06/11/2021,18-24,"81,896","2,546"
06/11/2021,25-29,"120,664","3,279"
06/11/2021,30-34,"153,461","4,289"
06/11/2021,35-39,"174,353","5,296"
06/11/2021,40-44,"209,111","6,635"
06/11/2021,45-49,"266,937","8,658"
06/11/2021,50-54,"435,054","15,380"
06/11/2021,55-59,"510,535","19,606"
06/11/2021,60-64,"522,950","24,666"
06/11/2021,65-69,"768,345","53,999"
06/11/2021,70-74,"1,445,082","65,714"
06/11/2021,75-79,"1,404,548","32,386"
06/11/2021,80+,"1,977,055","23,664"
07/11/2021,Under 18,"2,920",306
07/11/2021,18-24,"85,450","3,554"
07/11/2021,25-29,"124,555","3,891"
07/11/2021,30-34,"158,858","5,397"
07/11/2021,35-39,"181,101","6,748"
07/11/2021,40-44,"218,233","9,122"
07/11/2021,45-49,"279,254","12,317"
07/11/2021,50-54,"458,936","23,882"
07/11/2021,55-59,"541,303","30,768"
07/11/2021,60-64,"561,006","38,056"
07/11/2021,65-69,"841,048","72,703"
07/11/2021,70-74,"1,532,379","87,297"
07/11/2021,75-79,"1,450,831","46,283"
07/11/2021,80+,"2,007,918","30,863"
08/11/2021,Under 18,"3,048",128
08/11/2021,18-24,"87,033","1,583"
08/11/2021,25-29,"126,505","1,950"
08/11/2021,30-34,"161,377","2,519"
08/11/2021,35-39,"184,343","3,242"
08/11/2021,40-44,"222,243","4,010"
08/11/2021,45-49,"284,764","5,510"
08/11/2021,50-54,"470,224","11,288"
08/11/2021,55-59,"555,974","14,671"
08/11/2021,60-64,"579,876","18,870"
08/11/2021,65-69,"878,391","37,343"
08/11/2021,70-74,"1,569,936","37,557"
08/11/2021,75-79,"1,468,056","17,225"
08/11/2021,80+,"2,018,905","10,987"
09/11/2021,Under 18,"3,150",102
09/11/2021,18-24,"89,433","2,400"
09/11/2021,25-29,"129,685","3,180"
09/11/2021,30-34,"165,282","3,905"
09/11/2021,35-39,"189,056","4,713"
09/11/2021,40-44,"228,146","5,903"
09/11/2021,45-49,"292,353","7,589"
09/11/2021,50-54,"484,464","14,240"
09/11/2021,55-59,"574,961","18,987"
09/11/2021,60-64,"604,440","24,564"
09/11/2021,65-69,"929,023","50,632"
09/11/2021,70-74,"1,617,256","47,320"
09/11/2021,75-79,"1,489,664","21,608"
09/11/2021,80+,"2,036,027","17,122"
10/11/2021,Under 18,"3,294",144
10/11/2021,18-24,"92,202","2,769"
10/11/2021,25-29,"133,240","3,555"
10/11/2021,30-34,"169,924","4,642"
10/11/2021,35-39,"194,734","5,678"
10/11/2021,40-44,"235,310","7,164"
10/11/2021,45-49,"301,532","9,179"
10/11/2021,50-54,"502,357","17,893"
10/11/2021,55-59,"599,342","24,381"
10/11/2021,60-64,"637,934","33,494"
10/11/2021,65-69,"992,983","63,960"
10/11/2021,70-74,"1,674,921","57,665"
10/11/2021,75-79,"1,516,451","26,787"
10/11/2021,80+,"2,057,230","21,203"
11/11/2021,Under 18,"3,510",216
11/11/2021,18-24,"100,899","8,697"
11/11/2021,25-29,"147,033","13,793"
11/11/2021,30-34,"186,287","16,363"
11/11/2021,35-39,"212,881","18,147"
11/11/2021,40-44,"256,401","21,091"
11/11/2021,45-49,"327,153","25,621"
11/11/2021,50-54,"538,919","36,562"
11/11/2021,55-59,"643,611","44,269"
11/11/2021,60-64,"689,421","51,487"
11/11/2021,65-69,"1,072,642","79,659"
11/11/2021,70-74,"1,747,724","72,803"
11/11/2021,75-79,"1,556,169","39,718"
11/11/2021,80+,"2,094,373","37,143"
12/11/2021,Under 18,"3,724",214
12/11/2021,18-24,"104,110","3,211"
12/11/2021,25-29,"151,126","4,093"
12/11/2021,30-34,"191,740","5,453"
12/11/2021,35-39,"219,661","6,780"
12/11/2021,40-44,"264,667","8,266"
12/11/2021,45-49,"338,130","10,977"
12/11/2021,50-54,"561,100","22,181"
12/11/2021,55-59,"673,488","29,877"
12/11/2021,60-64,"730,489","41,068"
12/11/2021,65-69,"1,143,674","71,032"
12/11/2021,70-74,"1,802,729","55,005"
12/11/2021,75-79,"1,581,994","25,825"
12/11/2021,80+,"2,115,313","20,940"
13/11/2021,Under 18,"4,006",282
13/11/2021,18-24,"107,417","3,307"
13/11/2021,25-29,"155,393","4,267"
13/11/2021,30-34,"197,697","5,957"
13/11/2021,35-39,"227,182","7,521"
13/11/2021,40-44,"274,263","9,596"
13/11/2021,45-49,"350,893","12,763"
13/11/2021,50-54,"586,298","25,198"
13/11/2021,55-59,"705,941","32,453"
13/11/2021,60-64,"774,473","43,984"
13/11/2021,65-69,"1,209,457","65,783"
13/11/2021,70-74,"1,850,055","47,326"
13/11/2021,75-79,"1,603,843","21,849"
13/11/2021,80+,"2,134,345","19,032"
14/11/2021,Under 18,"4,548",542
14/11/2021,18-24,"112,122","4,705"
14/11/2021,25-29,"160,892","5,499"
14/11/2021,30-34,"205,190","7,493"
14/11/2021,35-39,"237,265","10,083"
14/11/2021,40-44,"287,163","12,900"
14/11/2021,45-49,"368,978","18,085"
14/11/2021,50-54,"624,579","38,281"
14/11/2021,55-59,"754,210","48,269"
14/11/2021,60-64,"837,013","62,540"
14/11/2021,65-69,"1,295,637","86,180"
14/11/2021,70-74,"1,913,539","63,484"
14/11/2021,75-79,"1,634,673","30,830"
14/11/2021,80+,"2,156,737","22,392"
15/11/2021,Under 18,"4,792",244
15/11/2021,18-24,"114,138","2,016"
15/11/2021,25-29,"163,352","2,460"
15/11/2021,30-34,"208,545","3,355"
15/11/2021,35-39,"241,776","4,511"
15/11/2021,40-44,"292,959","5,796"
15/11/2021,45-49,"376,978","8,000"
15/11/2021,50-54,"643,078","18,499"
15/11/2021,55-59,"776,898","22,688"
15/11/2021,60-64,"866,979","29,966"
15/11/2021,65-69,"1,332,291","36,654"
15/11/2021,70-74,"1,937,239","23,700"
15/11/2021,75-79,"1,645,524","10,851"
15/11/2021,80+,"2,164,660","7,923"
16/11/2021,Under 18,"4,979",187
16/11/2021,18-24,"116,900","2,762"
16/11/2021,25-29,"166,945","3,593"
16/11/2021,30-34,"213,264","4,719"
16/11/2021,35-39,"247,885","6,109"
16/11/2021,40-44,"300,619","7,660"
16/11/2021,45-49,"387,164","10,186"
16/11/2021,50-54,"665,002","21,924"
16/11/2021,55-59,"805,505","28,607"
16/11/2021,60-64,"907,668","40,689"
16/11/2021,65-69,"1,381,157","48,866"
16/11/2021,70-74,"1,967,137","29,898"
16/11/2021,75-79,"1,659,742","14,218"
16/11/2021,80+,"2,177,308","12,648"
17/11/2021,Under 18,"5,225",246
17/11/2021,18-24,"120,200","3,300"
17/11/2021,25-29,"171,114","4,169"
17/11/2021,30-34,"219,107","5,843"
17/11/2021,35-39,"255,239","7,354"
17/11/2021,40-44,"310,301","9,682"
17/11/2021,45-49,"399,781","12,617"
17/11/2021,50-54,"691,314","26,312"
17/11/2021,55-59,"841,249","35,744"
17/11/2021,60-64,"957,877","50,209"
17/11/2021,65-69,"1,439,340","58,183"
17/11/2021,70-74,"2,003,523","36,386"
17/11/2021,75-79,"1,676,399","16,657"
17/11/2021,80+,"2,193,196","15,888"
18/11/2021,Under 18,"5,539",314
18/11/2021,18-24,"124,000","3,800"
18/11/2021,25-29,"175,745","4,631"
18/11/2021,30-34,"225,472","6,365"
18/11/2021,35-39,"263,241","8,002"
18/11/2021,40-44,"320,745","10,444"
18/11/2021,45-49,"413,845","14,064"
18/11/2021,50-54,"723,087","31,773"
18/11/2021,55-59,"882,859","41,610"
18/11/2021,60-64,"1,015,210","57,333"
18/11/2021,65-69,"1,501,425","62,085"
18/11/2021,70-74,"2,042,142","38,619"
18/11/2021,75-79,"1,694,650","18,251"
18/11/2021,80+,"2,209,815","16,619"
19/11/2021,Under 18,"5,822",283
19/11/2021,18-24,"127,856","3,856"
19/11/2021,25-29,"180,396","4,651"
19/11/2021,30-34,"231,882","6,410"
19/11/2021,35-39,"271,254","8,013"
19/11/2021,40-44,"331,830","11,085"
19/11/2021,45-49,"428,539","14,694"
19/11/2021,50-54,"757,173","34,086"
19/11/2021,55-59,"925,613","42,754"
19/11/2021,60-64,"1,075,148","59,938"
19/11/2021,65-69,"1,562,267","60,842"
19/11/2021,70-74,"2,079,058","36,916"
19/11/2021,75-79,"1,712,119","17,469"
19/11/2021,80+,"2,226,688","16,873"
20/11/2021,Under 18,"6,168",346
20/11/2021,18-24,"131,488","3,632"
20/11/2021,25-29,"185,006","4,610"
20/11/2021,30-34,"238,176","6,294"
20/11/2021,35-39,"279,696","8,442"
20/11/2021,40-44,"343,906","12,076"
20/11/2021,45-49,"444,321","15,782"
20/11/2021,50-54,"795,402","38,229"
20/11/2021,55-59,"971,207","45,594"
20/11/2021,60-64,"1,134,776","59,628"
20/11/2021,65-69,"1,614,750","52,483"
20/11/2021,70-74,"2,108,694","29,636"
20/11/2021,75-79,"1,726,462","14,343"
20/11/2021,80+,"2,240,819","14,131"
21/11/2021,Under 18,"6,824",656
21/11/2021,18-24,"136,764","5,276"
21/11/2021,25-29,"190,914","5,908"
21/11/2021,30-34,"246,591","8,415"
21/11/2021,35-39,"290,948","11,252"
21/11/2021,40-44,"359,231","15,325"
21/11/2021,45-49,"466,183","21,862"
21/11/2021,50-54,"852,795","57,393"
21/11/2021,55-59,"1,036,718","65,511"
21/11/2021,60-64,"1,216,000","81,224"
21/11/2021,65-69,"1,682,526","67,776"
21/11/2021,70-74,"2,148,399","39,705"
21/11/2021,75-79,"1,744,495","18,033"
21/11/2021,80+,"2,254,995","14,176"
